url,title,target_keywords,notes,matched_volume_total,top_keywords
/self-storage-software,Self storage software voor Benelux-operators,self storage software / selfstorage software,Main SaaS page,100500,storage (NL 5400) | storaging (NL 5400) | self storage shurgard (NL 4400) | shurgard self storage (NL 4400) | shurgard self-storage (NL 4400)
/opslagruimte-reserveringssysteem,Reserveringssysteem voor opslagruimte,opslagruimte reserveringssysteem,Hosted booking page / static website upgrade,0,
/onbemande-self-storage,Software voor onbemande self storage,onbemande self storage / self storage automatiseren,Zero-touch unmanned angle,87570,storage (NL 5400) | storaging (NL 5400) | self storage shurgard (NL 4400) | shurgard self storage (NL 4400) | shurgard self-storage (NL 4400)
/self-storage-toegangscontrole,Self storage toegangscontrole,toegangscontrole self storage,Access workflow page,87570,storage (NL 5400) | storaging (NL 5400) | self storage shurgard (NL 4400) | shurgard self storage (NL 4400) | shurgard self-storage (NL 4400)
/self-storage-facturatie,Facturatie en betalingen voor self storage,self storage facturatie / iDEAL / Bancontact / Peppol,Billing compliance page,102810,storage (NL 5400) | storaging (NL 5400) | self storage shurgard (NL 4400) | shurgard self storage (NL 4400) | shurgard self-storage (NL 4400)
/digitaal-contract-opslagruimte,Digitale contracten en ID-verificatie voor opslagruimte,digitaal contract opslagruimte / itsme / digitaal ondertekenen,Contract/identity page,355120,itsme (BE 201000) | itsme heractiveren (BE 18100) | itsme activeren (BE 14800) | itsme application (BE 12100) | aan de slag met itsme (BE 9900)
/self-storage-prijsoptimalisatie,Prijsoptimalisatie voor self storage,self storage prijsoptimalisatie / revenue management,Revenue intelligence page,87570,storage (NL 5400) | storaging (NL 5400) | self storage shurgard (NL 4400) | shurgard self storage (NL 4400) | shurgard self-storage (NL 4400)
/garagebox-verhuur-software,Garagebox verhuur software,garagebox verhuur software / garagebox software,Hybrid resource page,45870,huren garagebox (NL 5400) | garagebox huren (NL 4400) | huur garagebox (NL 4400) | software treesize (NL 3600) | tree size software (NL 3600)
/container-opslag-software,Container opslag software,container opslag software,Hybrid resource page,34140,software treesize (NL 3600) | tree size software (NL 3600) | treesize software (NL 3600) | huur containers (BE 2400) | treesize software (BE 1600)
/bedrijfsopslag-software,Software voor zakelijke opslag en bedrijfsopslag,bedrijfsopslag software / zakelijke opslag software,B2B storage page,12930,software treesize (NL 3600) | tree size software (NL 3600) | treesize software (NL 3600) | treesize software (BE 1600) | facturatie software (BE 320)
/stora-alternatief,Stora alternatief voor Benelux,Stora alternatief / Stora Nederland,Comparison page later,87570,storage (NL 5400) | storaging (NL 5400) | self storage shurgard (NL 4400) | shurgard self storage (NL 4400) | shurgard self-storage (NL 4400)
/self-storage-software-nederland,Self storage software Nederland,self storage software Nederland,Country landing page,100500,storage (NL 5400) | storaging (NL 5400) | self storage shurgard (NL 4400) | shurgard self storage (NL 4400) | shurgard self-storage (NL 4400)
/self-storage-software-belgie,Self storage software België,self storage software België,Country landing page,100500,storage (NL 5400) | storaging (NL 5400) | self storage shurgard (NL 4400) | shurgard self storage (NL 4400) | shurgard self-storage (NL 4400)
